<?xml version="1.0"?>
<!--
-->
<Actions>
    <Action id="runSchedule" uiPath="DeviceActions">
        <Name>Run Program</Name>
        <CallbackMethod>actionRunProgram</CallbackMethod>
        <ConfigUI>
            <Field id="indigo_rainmachine_controller" type="menu" tooltip="Select device">
                <Label>Device:</Label>
                <List class="indigo.devices" filter="self"/>
                <CallbackMethod>menuChanged</CallbackMethod>
            </Field>
            <Field id="ProgramDesc" type="label">
                <Label>Select desired program from list below</Label>
            </Field>
            <Field type="menu" id="ProgramValue">
                <Label>Program: </Label>
                <List class="self" method="availableSchedules" dynamicReload="true"/>
            </Field>
        </ConfigUI>
    </Action>
    <Action id="stopSchedule" uiPath="DeviceActions">
        <Name>Stop Program</Name>
        <CallbackMethod>actionStopProgram</CallbackMethod>
        <ConfigUI>
            <Field id="indigo_rainmachine_controller" type="menu" tooltip="Select device">
                <Label>Device:</Label>
                <List class="indigo.devices" filter="self"/>
                <CallbackMethod>menuChanged</CallbackMethod>
            </Field>
            <Field id="ProgramDesc" type="label">
                <Label>Select desired program from list below</Label>
            </Field>
            <Field type="menu" id="ProgramValue">
                <Label>Program: </Label>
                <List class="self" method="availableSchedules" dynamicReload="true"/>
            </Field>
        </ConfigUI>
    </Action>
    <Action id="runZone" uiPath="DeviceActions">
        <Name>Run Zone</Name>
        <CallbackMethod>actionRunZones</CallbackMethod>
        <ConfigUI>
            <Field id="indigo_rainmachine_controller" type="menu" tooltip="Select device">
                <Label>Device:</Label>
                <List class="indigo.devices" filter="self"/>
                <CallbackMethod>menuChanged</CallbackMethod>
            </Field>
            <Field id="ZoneDesc" type="label">
                <Label>Select desired zone from list below</Label>
            </Field>
            <Field type="menu" id="ZoneValue" visibleBindingId="indigo_rainmachine_controller">
                <Label>Zones: </Label>
                <List class="self" method="availableZones" dynamicReload="true"/>
            </Field>
            <Field id="zoneDuration" type="textfield" defaultValue="120" visibleBindingId="indigo_rainmachine_controller">
                <Label>Duration (seconds):</Label>
            </Field>
        </ConfigUI>
    </Action>
		<Action id="stopZone" uiPath="DeviceActions">
        <Name>Stop Zone</Name>
        <CallbackMethod>actionStopZones</CallbackMethod>
        <ConfigUI>
            <Field id="indigo_rainmachine_controller" type="menu" tooltip="Select device">
                <Label>Device:</Label>
                <List class="indigo.devices" filter="self"/>
                <CallbackMethod>menuChanged</CallbackMethod>
            </Field>
            <Field id="ZoneDesc" type="label">
                <Label>Select desired zone from list below</Label>
            </Field>
            <Field type="menu" id="ZoneValue" visibleBindingId="indigo_rainmachine_controller">
                <Label>Zones: </Label>
                <List class="self" method="availableZones" dynamicReload="true"/>
            </Field>
        </ConfigUI>
    </Action>
		<Action id="allStop" uiPath="DeviceActions">
        <Name>Stop All Zones</Name>
        <CallbackMethod>actionAllOff</CallbackMethod>
        <ConfigUI>
            <Field id="indigo_rainmachine_controller" type="menu" tooltip="Select device">
                <Label>Device:</Label>
                <List class="indigo.devices" filter="self"/>
                <CallbackMethod>menuChanged</CallbackMethod>
            </Field>
        </ConfigUI>
    </Action>
</Actions>
